n,beta,se,p_value,ci_lower,ci_upper,r2,outcome,specification,significant,outcome_label
47,-4.123596539648538e-06,6.271706795407461e-06,0.5143689939317387,-1.6771698709790898e-05,8.524505630493822e-06,0.24695177086742492,hba1c_high_rate,Spec1_Baseline,False,hba1c_high_rate
47,-9.035892595816959e-08,3.0832322935338274e-07,0.7708817248691118,-7.121519774358678e-07,5.314341255195286e-07,0.2325719462827962,hba1c_mean,Spec1_Baseline,False,hba1c_mean
47,0.001838293402108354,0.000857589973923927,0.03776652375906924,0.00010879839155997738,0.0035677884126567305,0.10446754768810318,dm_complication_rate,Spec1_Baseline,True,dm_complication_rate
47,-0.0006829487935248966,0.0004573403160264416,0.14265919848757094,-0.0016052634412478091,0.000239365854198016,0.055583421445423276,dialysis_prevention_rate,Spec1_Baseline,False,dialysis_prevention_rate
